{"bin_centers":[1.25,3.75,6.25,8.75,11.25,13.75,16.25,18.75,21.25,23.75,26.25,28.75,31.25,33.75,36.25,38.75,41.25,43.75,46.25,48.75,51.25,53.75,56.25,58.75,61.25,63.75,66.25,68.75,71.25,73.75,76.25,78.75,81.25,83.75,86.25,88.75,91.25,93.75,96.25,98.75],"tools":[{"tool":"DeepARG","n":100075,"counts":[0,0,0,0,0,0,0,0,0,0,0,0,0,0,0,0,0,0,0,0,15599,14871,11321,9154,8842,5348,4637,3877,3522,2799,2394,2420,1787,1720,1597,2064,1698,1784,1419,3222],"density":[0.0,0.0,0.0,0.0,0.0,0.0,0.0,0.0,0.0,0.0,0.0,0.0,0.0,0.0,0.0,0.0,0.0,0.0,0.0,0.0,0.15587309517861603,0.148598551086685,0.11312515613290032,0.0914713964526605,0.08835373469897577,0.053439920059955036,0.04633524856357732,0.03874094429178116,0.0351936047964027,0.02796902323257557,0.023922058456157882,0.024181863602298275,0.017856607544341745,0.01718710966774919,0.015958031476392704,0.020624531601299026,0.016967274544091932,0.01782663002747939,0.01417936547589308,0.03219585311016737]},{"tool":"ABRicate-ARGANNOT","n":3432,"counts":[0,0,0,0,0,0,0,0,0,0,0,0,0,0,0,0,0,0,0,0,0,0,0,0,0,0,0,0,0,0,0,0,830,476,358,346,304,245,210,663],"density":[0.0,0.0,0.0,0.0,0.0,0.0,0.0,0.0,0.0,0.0,0.0,0.0,0.0,0.0,0.0,0.0,0.0,0.0,0.0,0.0,0.0,0.0,0.0,0.0,0.0,0.0,0.0,0.0,0.0,0.0,0.0,0.0,0.24184149184149184,0.1386946386946387,0.10431235431235432,0.10081585081585082,0.08857808857808858,0.07138694638694638,0.06118881118881119,0.19318181818181818]},{"tool":"ABRicate-MEGARes","n":13884,"counts":[0,0,0,0,0,0,0,0,0,0,0,0,0,0,0,0,0,0,0,0,0,0,0,0,0,0,0,0,0,0,0,0,3510,2953,1920,1875,876,826,388,1536],"density":[0.0,0.0,0.0,0.0,0.0,0.0,0.0,0.0,0.0,0.0,0.0,0.0,0.0,0.0,0.0,0.0,0.0,0.0,0.0,0.0,0.0,0.0,0.0,0.0,0.0,0.0,0.0,0.0,0.0,0.0,0.0,0.0,0.25280898876404495,0.2126908671852492,0.13828867761452032,0.13504753673293,0.06309420916162489,0.05949294151541343,0.027945836934600978,0.11063094209161625]},{"tool":"RGI-DIAMOND","n":65937,"counts":[0,0,0,0,0,0,0,0,9,126,762,2239,4827,8816,7599,6541,7419,5727,2754,1735,1794,1089,955,889,939,567,871,632,958,758,631,465,430,491,558,581,633,725,681,2736],"density":[0.0,0.0,0.0,0.0,0.0,0.0,0.0,0.0,0.00013649392602029209,0.0019109149642840893,0.011556485736384731,0.033956655595492664,0.07320624232221666,0.13370338353276612,0.11524637153646662,0.09920075223319229,0.11251649301606079,0.08685563492424588,0.04176714136220938,0.02631299573835631,0.027207789253378224,0.016515765048455342,0.014483522149930995,0.013482566692448853,0.014240866281450475,0.008599117339278402,0.013209578840408269,0.009584906804980512,0.014529020125271092,0.011495821769264601,0.00956974081320048,0.007052186177715092,0.006521376465413955,0.0074465019639959355,0.00846262341325811,0.008811441224198857,0.009600072796760544,0.01099534404052353,0.010328040402202102,0.041494153510168795]},{"tool":"ABRicate-CARD","n":11734,"counts":[0,0,0,0,0,0,0,0,0,0,0,0,0,0,0,0,0,0,0,0,0,0,0,0,0,0,0,0,0,0,0,0,3170,2612,1608,1587,661,672,307,1117],"density":[0.0,0.0,0.0,0.0,0.0,0.0,0.0,0.0,0.0,0.0,0.0,0.0,0.0,0.0,0.0,0.0,0.0,0.0,0.0,0.0,0.0,0.0,0.0,0.0,0.0,0.0,0.0,0.0,0.0,0.0,0.0,0.0,0.27015510482358956,0.2226009885801943,0.13703766831430034,0.13524799727288223,0.05633202658939833,0.05726947332537924,0.026163286176921766,0.09519345491733425]},{"tool":"ABRicate-NCBI","n":3942,"counts":[0,0,0,0,0,0,0,0,0,0,0,0,0,0,0,0,0,0,0,0,0,0,0,0,0,0,0,0,0,0,0,0,742,768,500,320,269,259,167,917],"density":[0.0,0.0,0.0,0.0,0.0,0.0,0.0,0.0,0.0,0.0,0.0,0.0,0.0,0.0,0.0,0.0,0.0,0.0,0.0,0.0,0.0,0.0,0.0,0.0,0.0,0.0,0.0,0.0,0.0,0.0,0.0,0.0,0.18822932521562658,0.1948249619482496,0.12683916793505834,0.08117706747843734,0.06823947234906139,0.06570268899036022,0.042364282090309485,0.232623033992897]},{"tool":"ResFinder","n":2567,"counts":[0,0,0,0,0,0,0,0,0,0,0,0,0,0,0,0,0,0,0,0,0,0,0,0,0,0,0,0,0,0,0,0,304,231,306,332,241,224,149,780],"density":[0.0,0.0,0.0,0.0,0.0,0.0,0.0,0.0,0.0,0.0,0.0,0.0,0.0,0.0,0.0,0.0,0.0,0.0,0.0,0.0,0.0,0.0,0.0,0.0,0.0,0.0,0.0,0.0,0.0,0.0,0.0,0.0,0.11842617841838722,0.08998831320607713,0.11920529801324503,0.12933385274639658,0.09388391118036618,0.0872613946240748,0.058044409816906894,0.30385664199454615]},{"tool":"ABRicate-ResFinder","n":2213,"counts":[0,0,0,0,0,0,0,0,0,0,0,0,0,0,0,0,0,0,0,0,0,0,0,0,0,0,0,0,0,0,0,0,340,221,273,272,194,177,128,608],"density":[0.0,0.0,0.0,0.0,0.0,0.0,0.0,0.0,0.0,0.0,0.0,0.0,0.0,0.0,0.0,0.0,0.0,0.0,0.0,0.0,0.0,0.0,0.0,0.0,0.0,0.0,0.0,0.0,0.0,0.0,0.0,0.0,0.15363759602349752,0.09986443741527339,0.12336195210122006,0.12291007681879801,0.087663804789878,0.07998192498870312,0.057840036150022596,0.27474017171260734]}]}